Formation;Diplôme;cfd;Région sélectionnée;codeRegion;codeDispositif
Accompagnement soins et services à la personne option a - à domicile;BAC PRO;40033003;Auvergne-Rhône-Alpes;84;247
Accompagnement soins et services à la personne option b - en structure;BAC PRO;40033004;Auvergne-Rhône-Alpes;84;247
Agent accompagnant au grand age;CAP;50033002;Auvergne-Rhône-Alpes;84;241
Aide a domicile;MC;01033001;Auvergne-Rhône-Alpes;84;253
Aménagement et finition du bâtiment;BAC PRO;40023304;Auvergne-Rhône-Alpes;84;247
Animation-gestion de projets dans le secteur sportif;MC;01033501;Auvergne-Rhône-Alpes;84;253
Artisanat et métiers d'art option communication visuelle pluri média;BAC PRO;40032303;Auvergne-Rhône-Alpes;84;247
Artisanat et métiers d'art option tapissier d'ameublement;BAC PRO;40024202;Auvergne-Rhône-Alpes;84;247
Assistance technique d'ingénieur;BTS;32025001;Auvergne-Rhône-Alpes;84;311
Assistant technique en milieux familial et collectif;CAP;50033411;Auvergne-Rhône-Alpes;84;241
Bio analyses et contrôle;BTS;32022207;Auvergne-Rhône-Alpes;84;311
Commercialisation et services en hôtel-café-restaurant;CAP;50033412;Auvergne-Rhône-Alpes;84;241
Conception et réalisation de carrosserie;BTS;32025411;Auvergne-Rhône-Alpes;84;311
Conception et réalisation des systèmes automatiques;BTS;32020111;Auvergne-Rhône-Alpes;84;311
Contrôle industriel et régulation automatique;BTS;32020113;Auvergne-Rhône-Alpes;84;311
Diététique;BTS;32033103;Auvergne-Rhône-Alpes;84;311
Electrotechnique;BTS;32025520;Auvergne-Rhône-Alpes;84;311
Equipier polyvalent du commerce;CAP;50031224;Auvergne-Rhône-Alpes;84;241
Etudes de réalisation d'un projet de communication option a études de réalisation de produits pluri média;BTS;32032210;Auvergne-Rhône-Alpes;84;311
Hygiène, propreté et stérilisation;BAC PRO;40034304;Auvergne-Rhône-Alpes;84;247
Maintenance des matériels de construction et de manutention;BTS;32025218;Auvergne-Rhône-Alpes;84;311
Maintenance des matériels option c: matériels d'espaces verts;CAP;50025223;Auvergne-Rhône-Alpes;84;241
Maintenance des véhicules option a - voitures particulières;CAP;50025218;Auvergne-Rhône-Alpes;84;241
Management économique de la construction;BTS;32023013;Auvergne-Rhône-Alpes;84;311
Menuisier installateur;CAP;50023449;Auvergne-Rhône-Alpes;84;241
Métiers de l’entretien des textiles, option b : pressing;CAP;50024008;Auvergne-Rhône-Alpes;84;241
Métiers de la mode - vêtement flou;CAP;50024240;Auvergne-Rhône-Alpes;84;241
Métiers de la mode - vêtements;BAC PRO;40024203;Auvergne-Rhône-Alpes;84;247
Métiers de la mode - vêtements;BTS;32024207;Auvergne-Rhône-Alpes;84;311
Métiers de l'audiovisuel option gestion de la production;BTS;32032328;Auvergne-Rhône-Alpes;84;311
Métiers de l'audiovisuel option métiers de l'image;BTS;32032329;Auvergne-Rhône-Alpes;84;311
Métiers de l'esthétique-cosmétique-parfumerie, option a management;BTS;32033603;Auvergne-Rhône-Alpes;84;311
Métiers de l'esthétique-cosmétique-parfumerie, option c cosmétologie;BTS;32033605;Auvergne-Rhône-Alpes;84;311
Métiers des services à l'environnement;BTS;32034304;Auvergne-Rhône-Alpes;84;311
Monteur en installations sanitaires;CAP;50023324;Auvergne-Rhône-Alpes;84;241
Opérateur-opératrice logistique;CAP;50031122;Auvergne-Rhône-Alpes;84;241
Peintre automobile;CAP;50025441;Auvergne-Rhône-Alpes;84;241
Peinture en carrosserie;CAP;50025433;Auvergne-Rhône-Alpes;84;241
Photographie;BAC PRO;40032304;Auvergne-Rhône-Alpes;84;247
Photographie;BTS;32032325;Auvergne-Rhône-Alpes;84;311
Plastiques et composites;BAC PRO;40022503;Auvergne-Rhône-Alpes;84;247
Procédés de la chimie, de l'eau et des papiers-cartons;BAC PRO;40022004;Auvergne-Rhône-Alpes;84;247
Production et service en restaurations (rapide, collective, cafétéria);CAP;50022142;Auvergne-Rhône-Alpes;84;241
Support à l'action managériale;BTS;32032409;Auvergne-Rhône-Alpes;84;311
Tourisme;BTS;32033426;Auvergne-Rhône-Alpes;84;311
Accompagnement soins et services à la personne option a - à domicile;BAC PRO;40033003;Bourgogne-Franche-Comté;27;247
Accompagnement soins et services à la personne option b - en structure;BAC PRO;40033004;Bourgogne-Franche-Comté;27;247
Agent accompagnant au grand age;CAP;50033002;Bourgogne-Franche-Comté;27;241
Aménagement et finition du bâtiment;BAC PRO;40023304;Bourgogne-Franche-Comté;27;247
Animation - enfance et personnes âgées;BAC PRO;40033006;Bourgogne-Franche-Comté;27;247
Assistant technique en milieux familial et collectif;CAP;50033411;Bourgogne-Franche-Comté;27;241
Conception des produits industriels;BTS;32020009;Bourgogne-Franche-Comté;27;311
Conception et industrialisation en microtechnique;BTS;32025005;Bourgogne-Franche-Comté;27;311
Contrôle industriel et régulation automatique;BTS;32020113;Bourgogne-Franche-Comté;27;311
Cuisinier en desserts de restaurant;MC;01022105;Bourgogne-Franche-Comté;27;253
Cybersécurité, informatique et réseaux, electronique option b électronique et réseaux;BTS;32025521;Bourgogne-Franche-Comté;27;311
Diététique;BTS;32033103;Bourgogne-Franche-Comté;27;311
Employé barman;MC;01033411;Bourgogne-Franche-Comté;27;253
Equipier polyvalent du commerce;CAP;50031224;Bourgogne-Franche-Comté;27;241
Hygiène, propreté et stérilisation;BAC PRO;40034304;Bourgogne-Franche-Comté;27;247
Maintenance  et efficacité énergétique;BAC PRO;40022706;Bourgogne-Franche-Comté;27;247
Maintenance des systèmes option a systèmes de production;BTS;32025014;Bourgogne-Franche-Comté;27;311
Métallier;CAP;50025439;Bourgogne-Franche-Comté;27;241
Opérateur-opératrice logistique;CAP;50031122;Bourgogne-Franche-Comté;27;241
Production et service en restaurations (rapide, collective, cafétéria);CAP;50022142;Bourgogne-Franche-Comté;27;241
Services et prestations des secteurs sanitaire et social;BTS;32033002;Bourgogne-Franche-Comté;27;311
Systèmes numériques option b : électronique et communications;BTS;32025516;Bourgogne-Franche-Comté;27;311
Systèmes photoniques;BTS;32025519;Bourgogne-Franche-Comté;27;311
Technicien en réalisation de produits mécaniques, option réalisation et maintenance des outillages;BAC PRO;40025013;Bourgogne-Franche-Comté;27;247
Tourisme;BTS;32033426;Bourgogne-Franche-Comté;27;311
Accompagnement soins et services à la personne;BAC PRO;40033007;Bretagne;53;247
Agent accompagnant au grand age;CAP;50033002;Bretagne;53;241
Animation - enfance et personnes âgées;BAC PRO;40033006;Bretagne;53;247
Architectures en métal : conception et réalisation;BTS;32025416;Bretagne;53;311
Artisanat et métiers d'art option communication visuelle pluri média;BAC PRO;40032303;Bretagne;53;247
Assistant technique en milieux familial et collectif;CAP;50033411;Bretagne;53;241
Cybersécurité, informatique et réseaux, electronique option b électronique et réseaux;BTS;32025521;Bretagne;53;311
Etude et réalisation d'agencement;BTS;32023305;Bretagne;53;311
Etudes de réalisation d'un projet de communication option a études de réalisation de produits pluri média;BTS;32032210;Bretagne;53;311
Hygiène, propreté et stérilisation;BAC PRO;40034304;Bretagne;53;247
Maintenance des véhicules option a - voitures particulières;CAP;50025218;Bretagne;53;241
Métallier;CAP;50025439;Bretagne;53;241
Métiers de l’entretien des textiles, option b : pressing;CAP;50024008;Bretagne;53;241
Métiers de la mode - vêtement flou;CAP;50024240;Bretagne;53;241
Métiers de la mode - vêtements;BAC PRO;40024203;Bretagne;53;247
Monteur en installations thermiques;CAP;50022715;Bretagne;53;241
Opérateur-opératrice logistique;CAP;50031122;Bretagne;53;241
Production et service en restaurations (rapide, collective, cafétéria);CAP;50022142;Bretagne;53;241
Réalisation de produits imprimés et pluri média option a - productions graphiques;BAC PRO;40032207;Bretagne;53;247
Réalisation de produits imprimés et pluri média option b - productions imprimées;BAC PRO;40032208;Bretagne;53;247
Services et prestations des secteurs sanitaire et social;BTS;32033002;Bretagne;53;311
Sommellerie;MC;01033414;Bretagne;53;253
Systèmes numériques option b : électronique et communications;BTS;32025516;Bretagne;53;311
Technicien en soudage;MC;01025406;Bretagne;53;253
Tourisme;BTS;32033426;Bretagne;53;311
Accompagnement soins et services à la personne;BAC PRO;40033007;Centre-Val de Loire;24;247
Agent accompagnant au grand age;CAP;50033002;Centre-Val de Loire;24;241
Agent de propreté et d'hygiène;CAP;50034307;Centre-Val de Loire;24;241
Aménagement et finition du bâtiment;BAC PRO;40023304;Centre-Val de Loire;24;247
Animation - enfance et personnes âgées;BAC PRO;40033006;Centre-Val de Loire;24;247
Assistant technique en milieux familial et collectif;CAP;50033411;Centre-Val de Loire;24;241
Biotechnologies;BTS;32022104;Centre-Val de Loire;24;311
Carrossier peintre automobile;BAC PRO;40025412;Centre-Val de Loire;24;247
Conception et réalisation en chaudronnerie industrielle;BTS;32025415;Centre-Val de Loire;24;311
Conseil et commercialisation de solutions techniques;BTS;32031216;Centre-Val de Loire;24;311
Cuisinier en desserts de restaurant;MC;01022105;Centre-Val de Loire;24;253
Cybersécurité, informatique et réseaux, electronique option a informatique et réseaux;BTS;32020116;Centre-Val de Loire;24;311
Cybersécurité, informatique et réseaux, electronique option b électronique et réseaux;BTS;32025521;Centre-Val de Loire;24;311
Equipier polyvalent du commerce;CAP;50031224;Centre-Val de Loire;24;241
Etudes de réalisation d'un projet de communication option a études de réalisation de produits pluri média;BTS;32032210;Centre-Val de Loire;24;311
Etudes de réalisation d'un projet de communication option b études de réalisation de produits imprimés;BTS;32032211;Centre-Val de Loire;24;311
Fluides-énergies-domotique option c domotique et bâtiments communicants;BTS;32022711;Centre-Val de Loire;24;311
Interventions en maintenance technique des bâtiments;CAP;50023006;Centre-Val de Loire;24;241
Menuiserie aluminium-verre;BAC PRO;40023303;Centre-Val de Loire;24;247
Menuisier fabricant;CAP;50023447;Centre-Val de Loire;24;241
Métiers de la mode - vêtements;BTS;32024207;Centre-Val de Loire;24;311
Métiers de la mode - vêtements;BAC PRO;40024203;Centre-Val de Loire;24;247
Métiers de l'accueil;BAC PRO;40031212;Centre-Val de Loire;24;247
Métiers du cuir option maroquinerie;BAC PRO;40024302;Centre-Val de Loire;24;247
Métiers du froid et des energies renouvelables;BAC PRO;40025517;Centre-Val de Loire;24;247
Organisation de transport de marchandises;BAC PRO;40031114;Centre-Val de Loire;24;247
Photographie;BAC PRO;40032304;Centre-Val de Loire;24;247
Réalisation de produits imprimés et pluri média option b - productions imprimées;BAC PRO;40032208;Centre-Val de Loire;24;247
Réparation des carrosseries;BAC PRO;40025408;Centre-Val de Loire;24;247
Systèmes numériques option a : informatique et réseaux;BTS;32020112;Centre-Val de Loire;24;311
Systèmes numériques option b : électronique et communications;BTS;32025516;Centre-Val de Loire;24;311
Accompagnement soins et services à la personne;BAC PRO;40033007;Corse;94;247
Equipier polyvalent du commerce;CAP;50031224;Corse;94;241
Négociation et digitalisation de la relation client;BTS;32031212;Corse;94;311
Support à l'action managériale;BTS;32032409;Corse;94;311
Tourisme;BTS;32033426;Corse;94;311
Accompagnement soins et services à la personne option a - à domicile;BAC PRO;40033003;Grand Est;44;247
Accompagnement soins et services à la personne option b - en structure;BAC PRO;40033004;Grand Est;44;247
Accueil - réception;MC;01033413;Grand Est;44;253
Agent de propreté et d'hygiène;CAP;50034307;Grand Est;44;241
Aide a domicile;MC;01033001;Grand Est;44;253
Aide à domicile;MC;01033002;Grand Est;44;253
Animation - enfance et personnes âgées;BAC PRO;40033006;Grand Est;44;247
Bio-industries de transformation;BAC PRO;40022003;Grand Est;44;247
Conducteur d'installations de production;CAP;50020101;Grand Est;44;241
Cybersécurité, informatique et réseaux, electronique option a informatique et réseaux;BTS;32020116;Grand Est;44;311
Cybersécurité, informatique et réseaux, electronique option b électronique et réseaux;BTS;32025521;Grand Est;44;311
Enveloppe des bâtiments : conception et réalisation;BTS;32023205;Grand Est;44;311
Etudes de réalisation d'un projet de communication option a études de réalisation de produits pluri média;BTS;32032210;Grand Est;44;311
Etudes de réalisation d'un projet de communication option b études de réalisation de produits imprimés;BTS;32032211;Grand Est;44;311
Fluides-énergies-domotique option b froid et conditionnement d'air;BTS;32022710;Grand Est;44;311
Gestion des transports et logistique associée;BTS;32031103;Grand Est;44;311
Hygiène, propreté et stérilisation;BAC PRO;40034304;Grand Est;44;247
Installateur en chauffage, climatisation et énergies renouvelables;BAC PRO;40022707;Grand Est;44;247
Maintenance des matériels option c: matériels d'espaces verts;CAP;50025223;Grand Est;44;241
Maintenance des véhicules option c - motocycles;BAC PRO;40025216;Grand Est;44;247
Menuiserie aluminium-verre;BAC PRO;40023303;Grand Est;44;247
Menuisier fabricant;CAP;50023447;Grand Est;44;241
Métiers de la mode - vêtement flou;CAP;50024240;Grand Est;44;241
Métiers de l'accueil;BAC PRO;40031212;Grand Est;44;247
Métiers de l'audiovisuel option gestion de la production;BTS;32032328;Grand Est;44;311
Métiers de l'audiovisuel option métiers du son;BTS;32032330;Grand Est;44;311
Métiers de l'audiovisuel option montage et postproduction;BTS;32032332;Grand Est;44;311
Opérateur/opératrice de service - relation client et livraison;CAP;50031123;Grand Est;44;241
Opérateur-opératrice logistique;CAP;50031122;Grand Est;44;241
Photographie;BTS;32032325;Grand Est;44;311
Pilote de ligne de production;BAC PRO;40020102;Grand Est;44;247
Production en industries pharmaceutiques, alimentaires et cosmétiques;BAC PRO;40022005;Grand Est;44;247
Services et prestations des secteurs sanitaire et social;BTS;32033002;Grand Est;44;311
Support à l'action managériale;BTS;32032409;Grand Est;44;311
Systèmes numériques option a : informatique et réseaux;BTS;32020112;Grand Est;44;311
Systèmes numériques option b : électronique et communications;BTS;32025516;Grand Est;44;311
Technicien ascensoriste (service et modernisation);MC;01025002;Grand Est;44;253
Technicien menuisier agenceur;BAC PRO;40023405;Grand Est;44;247
Tourisme;BTS;32033426;Grand Est;44;311
Agent accompagnant au grand age;CAP;50033002;Guadeloupe;01;241
Aménagement et finition du bâtiment;BAC PRO;40023304;Guadeloupe;01;247
Animation-gestion de projets dans le secteur sportif;MC;01033501;Guadeloupe;01;253
Assistant technique en milieux familial et collectif;CAP;50033411;Guadeloupe;01;241
Bâtiment;BTS;32023012;Guadeloupe;01;311
Cybersécurité, informatique et réseaux, electronique option b électronique et réseaux;BTS;32025521;Guadeloupe;01;311
Diététique;BTS;32033103;Guadeloupe;01;311
Equipier polyvalent du commerce;CAP;50031224;Guadeloupe;01;241
Esthétique cosmétique parfumerie;BAC PRO;40033603;Guadeloupe;01;247
Esthétique cosmétique parfumerie;BAC PRO;40033606;Guadeloupe;01;247
Fluides-énergies-domotique option b froid et conditionnement d'air;BTS;32022710;Guadeloupe;01;311
Hygiène, propreté et stérilisation;BAC PRO;40034304;Guadeloupe;01;247
Maintenance des systèmes option a systèmes de production;BTS;32025014;Guadeloupe;01;311
Management économique de la construction;BTS;32023013;Guadeloupe;01;311
Métallier;CAP;50025439;Guadeloupe;01;241
Métiers de la mode - vêtements;BAC PRO;40024203;Guadeloupe;01;247
Métiers du froid et des energies renouvelables;BAC PRO;40025517;Guadeloupe;01;247
Monteur en installations sanitaires;CAP;50023324;Guadeloupe;01;241
Ouvrage du bâtiment : métallerie;BAC PRO;40025406;Guadeloupe;01;247
Peintre applicateur de revêtements;CAP;50023327;Guadeloupe;01;241
Services et prestations des secteurs sanitaire et social;BTS;32033002;Guadeloupe;01;311
Support à l'action managériale;BTS;32032409;Guadeloupe;01;311
Systèmes numériques option b : électronique et communications;BTS;32025516;Guadeloupe;01;311
Technicien en chaudronnerie industrielle;BAC PRO;40025411;Guadeloupe;01;247
Technicien menuisier agenceur;BAC PRO;40023405;Guadeloupe;01;247
Agent accompagnant au grand age;CAP;50033002;Guyane;03;241
Agent de la qualité de l'eau;CAP;50034301;Guyane;03;241
Aménagement et finition du bâtiment;BAC PRO;40023304;Guyane;03;247
Assistant technique en milieux familial et collectif;CAP;50033411;Guyane;03;241
Boucher charcutier traiteur;BAC PRO;40022104;Guyane;03;247
Constructeur de réseaux de canalisations de travaux publics;CAP;50023119;Guyane;03;241
Cuisine;BAC PRO;40022106;Guyane;03;247
Electricien;CAP;50025524;Guyane;03;241
Employé barman;MC;01033411;Guyane;03;253
Hygiène, propreté et stérilisation;BAC PRO;40034304;Guyane;03;247
Maçon;CAP;50023224;Guyane;03;241
Maintenance des matériels option c: matériels d'espaces verts;CAP;50025223;Guyane;03;241
Maintenance des systèmes option a systèmes de production;BTS;32025014;Guyane;03;311
Maintenance des véhicules option b - véhicules de transport routier;BAC PRO;40025215;Guyane;03;247
Management commercial opérationnel;BTS;32031213;Guyane;03;311
Métallier;CAP;50025439;Guyane;03;241
Métiers de la mode - vêtements;BAC PRO;40024203;Guyane;03;247
Négociation et digitalisation de la relation client;BTS;32031212;Guyane;03;311
Pâtissier;CAP;50022141;Guyane;03;241
Peintre applicateur de revêtements;CAP;50023327;Guyane;03;241
Poissonnier écailler traiteur;BAC PRO;40031209;Guyane;03;247
Propreté de l'environnement urbain - collecte et recyclage;CAP;50022005;Guyane;03;241
Services et prestations des secteurs sanitaire et social;BTS;32033002;Guyane;03;311
Technicien constructeur bois;BAC PRO;40023404;Guyane;03;247
Technicien du bâtiment : organisation et réalisation du gros œuvre;BAC PRO;40023203;Guyane;03;247
Technicien menuisier agenceur;BAC PRO;40023405;Guyane;03;247
Accompagnement soins et services à la personne option a - à domicile;BAC PRO;40033003;Hauts-de-France;32;247
Accompagnement soins et services à la personne option b - en structure;BAC PRO;40033004;Hauts-de-France;32;247
Agent accompagnant au grand age;CAP;50033002;Hauts-de-France;32;241
Agent de propreté et d'hygiène;CAP;50034307;Hauts-de-France;32;241
Aide a domicile;MC;01033001;Hauts-de-France;32;253
Animation - enfance et personnes âgées;BAC PRO;40033006;Hauts-de-France;32;247
Assistance conseil - vente a distance;MC;01031201;Hauts-de-France;32;253
Assistance technique d'ingénieur;BTS;32025001;Hauts-de-France;32;311
Assistant technique en milieux familial et collectif;CAP;50033411;Hauts-de-France;32;241
Commercialisation et services en hôtel-café-restaurant;CAP;50033412;Hauts-de-France;32;241
Conception des processus de réalisation de produits option b production sérielle;BTS;32022317;Hauts-de-France;32;311
Conception et réalisation de carrosserie;BTS;32025411;Hauts-de-France;32;311
Conducteur d'installations de production;CAP;50020101;Hauts-de-France;32;241
Constructeur d'ouvrages en béton armé;CAP;50023222;Hauts-de-France;32;241
Cybersécurité, informatique et réseaux, electronique option b électronique et réseaux;BTS;32025521;Hauts-de-France;32;311
Diététique;BTS;32033103;Hauts-de-France;32;311
Equipier polyvalent du commerce;CAP;50031224;Hauts-de-France;32;241
Etude et réalisation d'agencement;BAC PRO;40023408;Hauts-de-France;32;247
Etudes de réalisation d'un projet de communication option a études de réalisation de produits pluri média;BTS;32032210;Hauts-de-France;32;311
Europlastics et composites à référentiel commun européen option pilotage et optimisation de la production;BTS;32022506;Hauts-de-France;32;311
Fluides-énergies-domotique option b froid et conditionnement d'air;BTS;32022710;Hauts-de-France;32;311
Hygiène, propreté et stérilisation;BAC PRO;40034304;Hauts-de-France;32;247
Installateur en chauffage, climatisation et énergies renouvelables;BAC PRO;40022707;Hauts-de-France;32;247
Logistique;BAC PRO;40031106;Hauts-de-France;32;247
Maintenance des systèmes option a systèmes de production;BTS;32025014;Hauts-de-France;32;311
Menuiserie aluminium-verre;BAC PRO;40023303;Hauts-de-France;32;247
Menuisier installateur;CAP;50023449;Hauts-de-France;32;241
Métallier;CAP;50025439;Hauts-de-France;32;241
Métiers de la mode - vêtements;BAC PRO;40024203;Hauts-de-France;32;247
Métiers de la mode - vêtements;BTS;32024207;Hauts-de-France;32;311
Métiers du commerce et de la vente option a animation et gestion de l'espace commercial;BAC PRO;40031213;Hauts-de-France;32;247
Photographie;BTS;32032325;Hauts-de-France;32;311
Pilotage de procédés;BTS;32022003;Hauts-de-France;32;311
Professions immobilières;BTS;32031309;Hauts-de-France;32;311
Services et prestations des secteurs sanitaire et social;BTS;32033002;Hauts-de-France;32;311
Support à l'action managériale;BTS;32032409;Hauts-de-France;32;311
Systèmes constructifs bois et habitat;BTS;32023412;Hauts-de-France;32;311
Systèmes numériques option b : électronique et communications;BTS;32025516;Hauts-de-France;32;311
Technicien constructeur bois;BAC PRO;40023404;Hauts-de-France;32;247
Agent accompagnant au grand age;CAP;50033002;La Réunion;04;241
Art et techniques de la bijouterie-joaillerie option bijouterie-joaillerie;CAP;50022361;La Réunion;04;241
Artisanat et métiers d'art option communication visuelle pluri média;BAC PRO;40032303;La Réunion;04;247
Assistant technique en milieux familial et collectif;CAP;50033411;La Réunion;04;241
Bio-industries de transformation;BAC PRO;40022003;La Réunion;04;247
Carrossier automobile;CAP;50025440;La Réunion;04;241
Conception et réalisation des systèmes automatiques;BTS;32020111;La Réunion;04;311
Constructeur de réseaux de canalisations de travaux publics;CAP;50023119;La Réunion;04;241
Cybersécurité, informatique et réseaux, electronique option a informatique et réseaux;BTS;32020116;La Réunion;04;311
Cybersécurité, informatique et réseaux, electronique option b électronique et réseaux;BTS;32025521;La Réunion;04;311
Gestion de la pme;BTS;32031409;La Réunion;04;311
Logistique;BAC PRO;40031106;La Réunion;04;247
Maintenance des matériels option c: matériels d'espaces verts;CAP;50025223;La Réunion;04;241
Maintenance des systèmes de production connectés;BAC PRO;40025012;La Réunion;04;247
Maintenance des systèmes option a systèmes de production;BTS;32025014;La Réunion;04;311
Maintenance des véhicules option a - voitures particulières;CAP;50025218;La Réunion;04;241
Maintenance des véhicules option c - motocycles;BAC PRO;40025216;La Réunion;04;247
Management économique de la construction;BTS;32023013;La Réunion;04;311
Métallier;CAP;50025439;La Réunion;04;241
Métiers de la mode - vêtements;BAC PRO;40024203;La Réunion;04;247
Monteur en installations sanitaires;CAP;50023324;La Réunion;04;241
Organisation de transport de marchandises;BAC PRO;40031114;La Réunion;04;247
Ouvrage du bâtiment : métallerie;BAC PRO;40025406;La Réunion;04;247
Peintre applicateur de revêtements;CAP;50023327;La Réunion;04;241
Production en industries pharmaceutiques, alimentaires et cosmétiques;BAC PRO;40022005;La Réunion;04;247
Réparation des carrosseries;CAP;50025434;La Réunion;04;241
Systèmes numériques option a : informatique et réseaux;BTS;32020112;La Réunion;04;311
Systèmes numériques option b : électronique et communications;BTS;32025516;La Réunion;04;311
Technicien de fabrication bois et matériaux associes;BAC PRO;40023407;La Réunion;04;247
Technicien d'études du bâtiment option a - études et économie;BAC PRO;40023004;La Réunion;04;247
Technicien du bâtiment : organisation et réalisation du gros œuvre;BAC PRO;40023203;La Réunion;04;247
Technicien géomètre topographe;BAC PRO;40023103;La Réunion;04;247
Technicien menuisier agenceur;BAC PRO;40023405;La Réunion;04;247
Travaux publics;BAC PRO;40023102;La Réunion;04;247
Accompagnement soins et services à la personne option b - en structure;BAC PRO;40033004;Martinique;02;247
Animation - enfance et personnes âgées;BAC PRO;40033006;Martinique;02;247
Carrossier automobile;CAP;50025440;Martinique;02;241
Carrossier peintre automobile;BAC PRO;40025412;Martinique;02;247
Fluides-énergies-domotique option c domotique et bâtiments communicants;BTS;32022711;Martinique;02;311
Maintenance des véhicules option a - voitures particulières;BAC PRO;40025214;Martinique;02;247
Maintenance nautique;BAC PRO;40025009;Martinique;02;247
Maintenance nautique;BAC PRO;40025223;Martinique;02;247
Métiers de la coiffure;CAP;50033616;Martinique;02;241
Métiers de la mode - vêtements;BAC PRO;40024203;Martinique;02;247
Métiers des services à l'environnement;BTS;32034304;Martinique;02;311
Réparation des carrosseries;BAC PRO;40025408;Martinique;02;247
Réparation des carrosseries;CAP;50025434;Martinique;02;241
Services et prestations des secteurs sanitaire et social;BTS;32033002;Martinique;02;311
Systèmes numériques option b : électronique et communications;BTS;32025516;Martinique;02;311
Travaux publics;BTS;32023107;Martinique;02;311
Travaux publics;BTS;32023206;Martinique;02;311
Accompagnement soins et services à la personne;BAC PRO;40033007;Normandie;28;247
Agent accompagnant au grand age;CAP;50033002;Normandie;28;241
Agent de propreté et d'hygiène;CAP;50034307;Normandie;28;241
Aide a domicile;MC;01033001;Normandie;28;253
Aménagement et finition du bâtiment;BAC PRO;40023304;Normandie;28;247
Animation - enfance et personnes âgées;BAC PRO;40033006;Normandie;28;247
Artisanat et métiers d'art option communication visuelle pluri média;BAC PRO;40032303;Normandie;28;247
Assistant technique en milieux familial et collectif;CAP;50033411;Normandie;28;241
Bio-industries de transformation;BAC PRO;40022003;Normandie;28;247
Commercialisation et services en hôtel-café-restaurant;CAP;50033412;Normandie;28;241
Conception des processus de réalisation de produits option b production sérielle;BTS;32022317;Normandie;28;311
Conception et réalisation des systèmes automatiques;BTS;32020111;Normandie;28;311
Cybersécurité, informatique et réseaux, electronique option a informatique et réseaux;BTS;32020116;Normandie;28;311
Cybersécurité, informatique et réseaux, electronique option b électronique et réseaux;BTS;32025521;Normandie;28;311
Environnement nucléaire;BTS;32034303;Normandie;28;311
Fleuriste;CAP;50031223;Normandie;28;241
Gestion de la pme;BTS;32031409;Normandie;28;311
Hygiène, propreté et stérilisation;BAC PRO;40034304;Normandie;28;247
Logistique;BAC PRO;40031106;Normandie;28;247
Maintenance des véhicules option a - voitures particulières;CAP;50025218;Normandie;28;241
Maintenance des véhicules option a : voitures particulières;BTS;32025215;Normandie;28;311
Métiers de l’entretien des textiles, option b : pressing;CAP;50024008;Normandie;28;241
Métiers de la mode - vêtements;BTS;32024207;Normandie;28;311
Métiers du géomètre - topographe et de la modélisation numérique;BTS;32023108;Normandie;28;311
Organisation de transport de marchandises;BAC PRO;40031114;Normandie;28;247
Peintre applicateur de revêtements;CAP;50023327;Normandie;28;241
Photographie;BAC PRO;40032304;Normandie;28;247
Photographie;BTS;32032325;Normandie;28;311
Plastiques et composites;BAC PRO;40022503;Normandie;28;247
Procédés de la chimie, de l'eau et des papiers-cartons;BAC PRO;40022004;Normandie;28;247
Production en industries pharmaceutiques, alimentaires et cosmétiques;BAC PRO;40022005;Normandie;28;247
Production et service en restaurations (rapide, collective, cafétéria);CAP;50022142;Normandie;28;241
Services et prestations des secteurs sanitaire et social;BTS;32033002;Normandie;28;311
Support à l'action managériale;BTS;32032409;Normandie;28;311
Systèmes numériques option a : informatique et réseaux;BTS;32020112;Normandie;28;311
Systèmes numériques option b : électronique et communications;BTS;32025516;Normandie;28;311
Accompagnement soins et services à la personne option a - à domicile;BAC PRO;40033003;Nouvelle-Aquitaine;75;247
Accompagnement soins et services à la personne option b - en structure;BAC PRO;40033004;Nouvelle-Aquitaine;75;247
Agent accompagnant au grand age;CAP;50033002;Nouvelle-Aquitaine;75;241
Aide a domicile;MC;01033001;Nouvelle-Aquitaine;75;253
Aide à domicile;MC;01033002;Nouvelle-Aquitaine;75;253
Aménagement et finition du bâtiment;BAC PRO;40023304;Nouvelle-Aquitaine;75;247
Animation - enfance et personnes âgées;BAC PRO;40033006;Nouvelle-Aquitaine;75;247
Artisanat et métiers d'art option communication visuelle pluri média;BAC PRO;40032303;Nouvelle-Aquitaine;75;247
Artisanat et métiers d'art option tapissier d'ameublement;BAC PRO;40024202;Nouvelle-Aquitaine;75;247
Assistant technique en milieux familial et collectif;CAP;50033411;Nouvelle-Aquitaine;75;241
Commercialisation et services en hôtel-café-restaurant;CAP;50033412;Nouvelle-Aquitaine;75;241
Conception et industrialisation en microtechnique;BTS;32025005;Nouvelle-Aquitaine;75;311
Conducteur d'installations de production;CAP;50020101;Nouvelle-Aquitaine;75;241
Cybersécurité, informatique et réseaux, electronique option b électronique et réseaux;BTS;32025521;Nouvelle-Aquitaine;75;311
Diététique;BTS;32033103;Nouvelle-Aquitaine;75;311
Europlastics et composites à référentiel commun européen option pilotage et optimisation de la production;BTS;32022506;Nouvelle-Aquitaine;75;311
Fluides-énergies-domotique option c domotique et bâtiments communicants;BTS;32022711;Nouvelle-Aquitaine;75;311
Hygiène, propreté et stérilisation;BAC PRO;40034304;Nouvelle-Aquitaine;75;247
Maintenance des matériels option c: matériels d'espaces verts;CAP;50025223;Nouvelle-Aquitaine;75;241
Maintenance des véhicules option a - voitures particulières;CAP;50025218;Nouvelle-Aquitaine;75;241
Maintenance des véhicules option b - véhicules de transport routier;CAP;50025219;Nouvelle-Aquitaine;75;241
Menuiserie aluminium-verre;BAC PRO;40023303;Nouvelle-Aquitaine;75;247
Menuisier installateur;CAP;50023449;Nouvelle-Aquitaine;75;241
Métiers de la mode - vêtements;BAC PRO;40024203;Nouvelle-Aquitaine;75;247
Métiers de la mode - vêtements;BTS;32024207;Nouvelle-Aquitaine;75;311
Métiers de l'audiovisuel option montage et postproduction;BTS;32032332;Nouvelle-Aquitaine;75;311
Métiers du plâtre et de l'isolation;CAP;50023326;Nouvelle-Aquitaine;75;241
Opérateur-opératrice logistique;CAP;50031122;Nouvelle-Aquitaine;75;241
Photographie;BAC PRO;40032304;Nouvelle-Aquitaine;75;247
Production et service en restaurations (rapide, collective, cafétéria);CAP;50022142;Nouvelle-Aquitaine;75;241
Services et prestations des secteurs sanitaire et social;BTS;32033002;Nouvelle-Aquitaine;75;311
Support à l'action managériale;BTS;32032409;Nouvelle-Aquitaine;75;311
Systèmes numériques option a - sûreté et sécurité des infrastructures, de l'habitat et du tertiaire;BAC PRO;40025513;Nouvelle-Aquitaine;75;247
Systèmes numériques option b - audiovisuels, réseau et équipement domestiques;BAC PRO;40025514;Nouvelle-Aquitaine;75;247
Systèmes numériques option b : électronique et communications;BTS;32025516;Nouvelle-Aquitaine;75;311
Tourisme;BTS;32033426;Nouvelle-Aquitaine;75;311
Accompagnement soins et services à la personne option a - à domicile;BAC PRO;40033003;Occitanie;76;247
Accompagnement soins et services à la personne option b - en structure;BAC PRO;40033004;Occitanie;76;247
Aide a domicile;MC;01033001;Occitanie;76;253
Aménagement et finition du bâtiment;BAC PRO;40023304;Occitanie;76;247
Animation - enfance et personnes âgées;BAC PRO;40033006;Occitanie;76;247
Artisanat et métiers d'art option communication visuelle pluri média;BAC PRO;40032303;Occitanie;76;247
Artisanat et métiers d'art option marchandisage visuel;BAC PRO;40023003;Occitanie;76;247
Artisanat et métiers d'art option métiers de l'enseigne et de la signalétique;BAC PRO;40022403;Occitanie;76;247
Arts du bois option a - sculpteur ornemaniste;CAP;50023430;Occitanie;76;241
Assurance;BTS;32031311;Occitanie;76;311
Bio-industries de transformation;BAC PRO;40022003;Occitanie;76;247
Biotechnologies;BTS;32022104;Occitanie;76;311
Carrossier peintre automobile;BAC PRO;40025412;Occitanie;76;247
Commercialisation et services en hôtel-café-restaurant;CAP;50033412;Occitanie;76;241
Conception et industrialisation en microtechnique;BTS;32025005;Occitanie;76;311
Conseil et commercialisation de solutions techniques;BTS;32031216;Occitanie;76;311
Cybersécurité, informatique et réseaux, electronique option b électronique et réseaux;BTS;32025521;Occitanie;76;311
Diététique;BTS;32033103;Occitanie;76;311
Employé traiteur;MC;01022103;Occitanie;76;253
Equipier polyvalent du commerce;CAP;50031224;Occitanie;76;241
Etude et réalisation d'agencement;BAC PRO;40023408;Occitanie;76;247
Etude et réalisation d'agencement;BTS;32023305;Occitanie;76;311
Fluides-énergies-domotique option c domotique et bâtiments communicants;BTS;32022711;Occitanie;76;311
Gestion de la pme;BTS;32031409;Occitanie;76;311
Gestion des transports et logistique associée;BTS;32031103;Occitanie;76;311
Logistique;BAC PRO;40031106;Occitanie;76;247
Maintenance des véhicules option a - voitures particulières;CAP;50025218;Occitanie;76;241
Maintenance des véhicules option c - motocycles;CAP;50025220;Occitanie;76;241
Métiers du cuir option sellerie garnissage;BAC PRO;40024303;Occitanie;76;247
Opérateur-opératrice logistique;CAP;50031122;Occitanie;76;241
Organisation de transport de marchandises;BAC PRO;40031114;Occitanie;76;247
Peintre applicateur de revêtements;CAP;50023327;Occitanie;76;241
Photographie;BAC PRO;40032304;Occitanie;76;247
Photographie;BTS;32032325;Occitanie;76;311
Plastiques et composites;BAC PRO;40022503;Occitanie;76;247
Procédés de la chimie, de l'eau et des papiers-cartons;BAC PRO;40022004;Occitanie;76;247
Production en industries pharmaceutiques, alimentaires et cosmétiques;BAC PRO;40022005;Occitanie;76;247
Production et service en restaurations (rapide, collective, cafétéria);CAP;50022142;Occitanie;76;241
Réalisation de produits imprimés et pluri média option a - productions graphiques;BAC PRO;40032207;Occitanie;76;247
Réparation des carrosseries;BAC PRO;40025408;Occitanie;76;247
Support à l'action managériale;BTS;32032409;Occitanie;76;311
Systèmes numériques option b : électronique et communications;BTS;32025516;Occitanie;76;311
Tourisme;BTS;32033426;Occitanie;76;311
Accompagnement soins et services à la personne;BAC PRO;40033007;Pays de la Loire;52;247
Agent accompagnant au grand age;CAP;50033002;Pays de la Loire;52;241
Aide a domicile;MC;01033001;Pays de la Loire;52;253
Aménagement et finition du bâtiment;BAC PRO;40023304;Pays de la Loire;52;247
Analyses de biologie médicale;BTS;32033109;Pays de la Loire;52;311
Artisanat et métiers d'art option communication visuelle pluri média;BAC PRO;40032303;Pays de la Loire;52;247
Assistant technique en milieux familial et collectif;CAP;50033411;Pays de la Loire;52;241
Carrossier automobile;CAP;50025440;Pays de la Loire;52;241
Commercialisation et services en hôtel-café-restaurant;CAP;50033412;Pays de la Loire;52;241
Conception des processus de réalisation de produits option b production sérielle;BTS;32022317;Pays de la Loire;52;311
Cuisinier en desserts de restaurant;MC;01022105;Pays de la Loire;52;253
Cybersécurité, informatique et réseaux, electronique option a informatique et réseaux;BTS;32020116;Pays de la Loire;52;311
Economie sociale et familiale;BTS;32033206;Pays de la Loire;52;311
Equipier polyvalent du commerce;CAP;50031224;Pays de la Loire;52;241
Fluides-énergies-domotique option a génie climatique et fluidique;BTS;32022709;Pays de la Loire;52;311
Installateur en chauffage, climatisation et énergies renouvelables;BAC PRO;40022707;Pays de la Loire;52;247
Interventions en maintenance technique des bâtiments;CAP;50023006;Pays de la Loire;52;241
Maintenance des matériels option c: matériels d'espaces verts;CAP;50025223;Pays de la Loire;52;241
Maintenance des systèmes option a systèmes de production;BTS;32025014;Pays de la Loire;52;311
Monteur en installations sanitaires;CAP;50023324;Pays de la Loire;52;241
Monteur en installations thermiques;CAP;50022715;Pays de la Loire;52;241
Peintre applicateur de revêtements;CAP;50023327;Pays de la Loire;52;241
Production et service en restaurations (rapide, collective, cafétéria);CAP;50022142;Pays de la Loire;52;241
Réalisation de produits imprimés et pluri média option a - productions graphiques;BAC PRO;40032207;Pays de la Loire;52;247
Réparation des carrosseries;CAP;50025434;Pays de la Loire;52;241
Services et prestations des secteurs sanitaire et social;BTS;32033002;Pays de la Loire;52;311
Systèmes numériques option a : informatique et réseaux;BTS;32020112;Pays de la Loire;52;311
Tourisme;BTS;32033426;Pays de la Loire;52;311
Agent accompagnant au grand age;CAP;50033002;Provence-Alpes-Côte d'Azur;93;241
Agent de propreté et d'hygiène;CAP;50034307;Provence-Alpes-Côte d'Azur;93;241
Agent de sécurité;CAP;50034405;Provence-Alpes-Côte d'Azur;93;241
Aménagement et finition du bâtiment;BAC PRO;40023304;Provence-Alpes-Côte d'Azur;93;247
Assistance technique d'ingénieur;BTS;32025001;Provence-Alpes-Côte d'Azur;93;311
Assistant technique en milieux familial et collectif;CAP;50033411;Provence-Alpes-Côte d'Azur;93;241
Carrossier automobile;CAP;50025440;Provence-Alpes-Côte d'Azur;93;241
Conception des processus de réalisation de produits option b production sérielle;BTS;32022317;Provence-Alpes-Côte d'Azur;93;311
Conception et réalisation des systèmes automatiques;BTS;32020111;Provence-Alpes-Côte d'Azur;93;311
Cuisine;CAP;50022139;Provence-Alpes-Côte d'Azur;93;241
Cybersécurité, informatique et réseaux, electronique option b électronique et réseaux;BTS;32025521;Provence-Alpes-Côte d'Azur;93;311
Equipier polyvalent du commerce;CAP;50031224;Provence-Alpes-Côte d'Azur;93;241
Esthétique cosmétique parfumerie;CAP;50033615;Provence-Alpes-Côte d'Azur;93;241
Etude et réalisation d'agencement;BAC PRO;40023408;Provence-Alpes-Côte d'Azur;93;247
Ferronnier d'art;CAP;50025436;Provence-Alpes-Côte d'Azur;93;241
Fluides-énergies-domotique option a génie climatique et fluidique;BTS;32022709;Provence-Alpes-Côte d'Azur;93;311
Fluides-énergies-domotique option b froid et conditionnement d'air;BTS;32022710;Provence-Alpes-Côte d'Azur;93;311
Gestion de la pme;BTS;32031409;Provence-Alpes-Côte d'Azur;93;311
Installateur en chauffage, climatisation et énergies renouvelables;BAC PRO;40022707;Provence-Alpes-Côte d'Azur;93;247
Installateur en froid et conditionnement d'air;CAP;50022714;Provence-Alpes-Côte d'Azur;93;241
Maintenance des équipements thermiques individuels;MC;01022706;Provence-Alpes-Côte d'Azur;93;253
Maintenance nautique;CAP;50025224;Provence-Alpes-Côte d'Azur;93;241
Menuiserie aluminium-verre;BAC PRO;40023303;Provence-Alpes-Côte d'Azur;93;247
Métiers du commerce et de la vente option a animation et gestion de l'espace commercial;BAC PRO;40031213;Provence-Alpes-Côte d'Azur;93;247
Métiers du froid et des energies renouvelables;BAC PRO;40025517;Provence-Alpes-Côte d'Azur;93;247
Opérateur-opératrice logistique;CAP;50031122;Provence-Alpes-Côte d'Azur;93;241
Peintre applicateur de revêtements;CAP;50023327;Provence-Alpes-Côte d'Azur;93;241
Photographie;BAC PRO;40032304;Provence-Alpes-Côte d'Azur;93;247
Photographie;BTS;32032325;Provence-Alpes-Côte d'Azur;93;311
Production et service en restaurations (rapide, collective, cafétéria);CAP;50022142;Provence-Alpes-Côte d'Azur;93;241
Réalisation de produits imprimés et pluri média option a - productions graphiques;BAC PRO;40032207;Provence-Alpes-Côte d'Azur;93;247
Réalisation de produits imprimés et pluri média option b - productions imprimées;BAC PRO;40032208;Provence-Alpes-Côte d'Azur;93;247
Réparation des carrosseries;CAP;50025434;Provence-Alpes-Côte d'Azur;93;241
Réparation entretien des embarcations de plaisance;CAP;50025217;Provence-Alpes-Côte d'Azur;93;241
Support à l'action managériale;BTS;32032409;Provence-Alpes-Côte d'Azur;93;311
Systèmes numériques option b : électronique et communications;BTS;32025516;Provence-Alpes-Côte d'Azur;93;311
Technicien du bâtiment : organisation et réalisation du gros œuvre;BAC PRO;40023203;Provence-Alpes-Côte d'Azur;93;247
Tourisme;BTS;32033426;Provence-Alpes-Côte d'Azur;93;311
Aide a domicile;MC;01033001;Île-de-France;11;253
Animation - enfance et personnes âgées;BAC PRO;40033006;Île-de-France;11;247
Conception des processus de réalisation de produits option a production unitaire;MC;32022318;Île-de-France;11;311
Conception des processus de réalisation de produits option b production sérielle;MC;32022317;Île-de-France;11;311
Conception et industrialisation en microtechnique;MC;32025005;Île-de-France;11;311
Conception et réalisation des systèmes automatiques;MC;32020111;Île-de-France;11;311
Conception et réalisation en chaudronnerie industrielle;MC;32025415;Île-de-France;11;311
Conducteur livreur de marchandises;CAP;50031118;Île-de-France;11;241
Cybersécurité, informatique et réseaux, electronique option a informatique et réseaux;MC;32020116;Île-de-France;11;311
Cybersécurité, informatique et réseaux, electronique option b électronique et réseaux;MC;32025521;Île-de-France;11;311
Equipier polyvalent du commerce;CAP;50031224;Île-de-France;11;241
Equipier polyvalent du commerce;CAP;50031224;Île-de-France;11;241
Essayage-retouche-vente;MC;01024201;Île-de-France;11;253
Etudes de réalisation d'un projet de communication option a études de réalisation de produits pluri média;MC;32032210;Île-de-France;11;311
Etudes de réalisation d'un projet de communication option b études de réalisation de produits imprimés;MC;32032211;Île-de-France;11;311
Façonnage de produits imprimés, routage;BAC PRO;40032206;Île-de-France;11;247
Fluides-énergies-domotique option a génie climatique et fluidique;MC;32022709;Île-de-France;11;311
Fluides-énergies-domotique option b froid et conditionnement d'air;MC;32022710;Île-de-France;11;311
Gestion des transports et logistique associée;MC;32031103;Île-de-France;11;311
Maintenance des matériels option c: matériels d'espaces verts;CAP;50025223;Île-de-France;11;241
Maintenance des systèmes option b systèmes énergétiques et fluidiques;MC;32025015;Île-de-France;11;311
Maintenance des véhicules option a - voitures particulières;CAP;50025218;Île-de-France;11;241
Maintenance des véhicules option c - motocycles;CAP;50025220;Île-de-France;11;241
Maroquinerie;CAP;50024322;Île-de-France;11;241
Métiers des services à l'environnement;MC;32034304;Île-de-France;11;311
Métiers du froid et des energies renouvelables;BAC PRO;40025517;Île-de-France;11;247
Production et service en restaurations (rapide, collective, cafétéria);CAP;50022142;Île-de-France;11;241
Réalisation de produits imprimés et pluri média option a - productions graphiques;BAC PRO;40032207;Île-de-France;11;247
Réalisation de produits imprimés et pluri média option b - productions imprimées;BAC PRO;40032208;Île-de-France;11;247
Services et prestations des secteurs sanitaire et social;MC;32033002;Île-de-France;11;311
Technicien ascensoriste (service et modernisation);MC;01025002;Île-de-France;11;253
Travaux publics;BAC PRO;40023102;Île-de-France;11;247
Gestion de la pme;BTS;32031409;Île-de-France;11;311
